{
  "IsEncrypted": false,
  "Values": {
    "AzureWebJobsStorage": "DefaultEndpointsProtocol=https;AccountName=taxidata123;AccountKey=6sOcXBJyHirgrWIVbrurSxdPCYWenuVBLMMRcrJumMYWOuG+qJ/jdiweuVHu2eqTkaSPSxx3b5Yn+AStsoWqzg==;EndpointSuffix=core.windows.net",
    "FUNCTIONS_WORKER_RUNTIME": "python",
    "AzureWebJobsFeatureFlags": "EnableWorkerIndexing",
    "ConnectionStrings": "DefaultEndpointsProtocol=https;AccountName=taxidata123;AccountKey=6sOcXBJyHirgrWIVbrurSxdPCYWenuVBLMMRcrJumMYWOuG+qJ/jdiweuVHu2eqTkaSPSxx3b5Yn+AStsoWqzg==;EndpointSuffix=core.windows.net"
  }
}